experiment_id,dataset,seed,model_summary,optimizer,lr,momentum,weight_decay,epochs_trained,best_val_accuracy,best_val_loss
E1,EMNIST_balanced,42,hidden=512-256-128;act=ReLU,Adam,0.001,0.0,0.0,20,0.8489361702127659,0.4733108646903478
E2,EMNIST_balanced,42,hidden=512-256-128;act=ReLU;dropout=0.3,Adam,0.001,0.0,0.0,20,0.8547429078014185,0.4321418445161048
E3,EMNIST_balanced,42,hidden=512-256-128;act=ReLU;batchnorm=1,Adam,0.001,0.0,0.0,20,0.8514627659574469,0.4695299849865284
E4,EMNIST_balanced,42,hidden=512-256-128;act=ReLU;dropout=0.3,Adam,0.001,0.0,0.0,30,0.8617464539007093,0.4133106110789252
O1,EMNIST_balanced,42,hidden=512-256-128;act=ReLU;dropout=0.3,Adam,0.1,0.0,0.0,8,0.02225177304964539,3.8546421436553304
O2,EMNIST_balanced,42,hidden=512-256-128;act=ReLU;dropout=0.3,Adam,1e-05,0.0,0.0,8,0.24392730496453902,3.3289611660842353
O3,EMNIST_balanced,42,hidden=512-256-128;act=ReLU;dropout=0.3,SGD,0.005,0.9,0.0001,15,0.5997783687943262,1.438810616013006