value,count,share
RU,13,0.3939393939393939
FR,12,0.36363636363636365
US,8,0.24242424242424243
